"filename", "language", "Solidity", "TOML", "Markdown", "JSON", "XML", "Makefile", "JavaScript", "YAML", "Shell Script", "Python", "comment", "blank", "total"
"/Users/mhng/Programing/Cyfrin-Security/4-puppy-raffle-audit/Makefile", "Makefile", 0, 0, 0, 0, 0, 14, 0, 0, 0, 0, 3, 14, 31
"/Users/mhng/Programing/Cyfrin-Security/4-puppy-raffle-audit/README.md", "Markdown", 0, 0, 66, 0, 0, 0, 0, 0, 0, 0, 0, 29, 95
"/Users/mhng/Programing/Cyfrin-Security/4-puppy-raffle-audit/findings.md", "Markdown", 0, 0, 85, 0, 0, 0, 0, 0, 0, 0, 0, 24, 109
"/Users/mhng/Programing/Cyfrin-Security/4-puppy-raffle-audit/foundry.toml", "TOML", 0, 5, 0, 0, 0, 0, 0, 0, 0, 0, 1, 3, 9
"/Users/mhng/Programing/Cyfrin-Security/4-puppy-raffle-audit/images/puppy-raffle.svg", "XML", 0, 0, 0, 0, 1712, 0, 0, 0, 0, 0, 1, 9, 1722
"/Users/mhng/Programing/Cyfrin-Security/4-puppy-raffle-audit/lib/base64/README.md", "Markdown", 0, 0, 2, 0, 0, 0, 0, 0, 0, 0, 0, 2, 4
"/Users/mhng/Programing/Cyfrin-Security/4-puppy-raffle-audit/lib/base64/base64.sol", "Solidity", 77, 0, 0, 0, 0, 0, 0, 0, 0, 0, 26, 28, 131
"/Users/mhng/Programing/Cyfrin-Security/4-puppy-raffle-audit/lib/base64/package.json", "JSON", 0, 0, 0, 23, 0, 0, 0, 0, 0, 0, 0, 1, 24
"/Users/mhng/Programing/Cyfrin-Security/4-puppy-raffle-audit/lib/forge-std/.github/workflows/ci.yml", "YAML", 0, 0, 0, 0, 0, 0, 0, 75, 0, 0, 1, 7, 83
"/Users/mhng/Programing/Cyfrin-Security/4-puppy-raffle-audit/lib/forge-std/.github/workflows/sync.yml", "YAML", 0, 0, 0, 0, 0, 0, 0, 25, 0, 0, 2, 5, 32
"/Users/mhng/Programing/Cyfrin-Security/4-puppy-raffle-audit/lib/forge-std/CONTRIBUTING.md", "Markdown", 0, 0, 118, 0, 0, 0, 0, 0, 0, 0, 0, 75, 193
"/Users/mhng/Programing/Cyfrin-Security/4-puppy-raffle-audit/lib/forge-std/README.md", "Markdown", 0, 0, 205, 0, 0, 0, 0, 0, 0, 0, 0, 62, 267
"/Users/mhng/Programing/Cyfrin-Security/4-puppy-raffle-audit/lib/forge-std/foundry.toml", "TOML", 0, 19, 0, 0, 0, 0, 0, 0, 0, 0, 2, 2, 23
"/Users/mhng/Programing/Cyfrin-Security/4-puppy-raffle-audit/lib/forge-std/package.json", "JSON", 0, 0, 0, 16, 0, 0, 0, 0, 0, 0, 0, 1, 17
"/Users/mhng/Programing/Cyfrin-Security/4-puppy-raffle-audit/lib/forge-std/scripts/vm.py", "Python", 0, 0, 0, 0, 0, 0, 0, 0, 0, 514, 4, 129, 647
"/Users/mhng/Programing/Cyfrin-Security/4-puppy-raffle-audit/lib/forge-std/src/Base.sol", "Solidity", 21, 0, 0, 0, 0, 0, 0, 0, 0, 0, 15, 7, 43
"/Users/mhng/Programing/Cyfrin-Security/4-puppy-raffle-audit/lib/forge-std/src/Script.sol", "Solidity", 17, 0, 0, 0, 0, 0, 0, 0, 0, 0, 7, 5, 29
"/Users/mhng/Programing/Cyfrin-Security/4-puppy-raffle-audit/lib/forge-std/src/StdAssertions.sol", "Solidity", 616, 0, 0, 0, 0, 0, 0, 0, 0, 0, 3, 146, 765
"/Users/mhng/Programing/Cyfrin-Security/4-puppy-raffle-audit/lib/forge-std/src/StdChains.sol", "Solidity", 203, 0, 0, 0, 0, 0, 0, 0, 0, 0, 49, 35, 287
"/Users/mhng/Programing/Cyfrin-Security/4-puppy-raffle-audit/lib/forge-std/src/StdCheats.sol", "Solidity", 619, 0, 0, 0, 0, 0, 0, 0, 0, 0, 95, 116, 830
"/Users/mhng/Programing/Cyfrin-Security/4-puppy-raffle-audit/lib/forge-std/src/StdConstants.sol", "Solidity", 13, 0, 0, 0, 0, 0, 0, 0, 0, 0, 15, 3, 31
"/Users/mhng/Programing/Cyfrin-Security/4-puppy-raffle-audit/lib/forge-std/src/StdError.sol", "Solidity", 12, 0, 0, 0, 0, 0, 0, 0, 0, 0, 2, 2, 16
"/Users/mhng/Programing/Cyfrin-Security/4-puppy-raffle-audit/lib/forge-std/src/StdInvariant.sol", "Solidity", 86, 0, 0, 0, 0, 0, 0, 0, 0, 0, 5, 32, 123
"/Users/mhng/Programing/Cyfrin-Security/4-puppy-raffle-audit/lib/forge-std/src/StdJson.sol", "Solidity", 215, 0, 0, 0, 0, 0, 0, 0, 0, 0, 17, 52, 284
"/Users/mhng/Programing/Cyfrin-Security/4-puppy-raffle-audit/lib/forge-std/src/StdMath.sol", "Solidity", 28, 0, 0, 0, 0, 0, 0, 0, 0, 0, 5, 11, 44
"/Users/mhng/Programing/Cyfrin-Security/4-puppy-raffle-audit/lib/forge-std/src/StdStorage.sol", "Solidity", 364, 0, 0, 0, 0, 0, 0, 0, 0, 0, 23, 87, 474
"/Users/mhng/Programing/Cyfrin-Security/4-puppy-raffle-audit/lib/forge-std/src/StdStyle.sol", "Solidity", 251, 0, 0, 0, 0, 0, 0, 0, 0, 0, 1, 82, 334
"/Users/mhng/Programing/Cyfrin-Security/4-puppy-raffle-audit/lib/forge-std/src/StdToml.sol", "Solidity", 215, 0, 0, 0, 0, 0, 0, 0, 0, 0, 17, 52, 284
"/Users/mhng/Programing/Cyfrin-Security/4-puppy-raffle-audit/lib/forge-std/src/StdUtils.sol", "Solidity", 133, 0, 0, 0, 0, 0, 0, 0, 0, 0, 40, 36, 209
"/Users/mhng/Programing/Cyfrin-Security/4-puppy-raffle-audit/lib/forge-std/src/Test.sol", "Solidity", 22, 0, 0, 0, 0, 0, 0, 0, 0, 0, 7, 6, 35
"/Users/mhng/Programing/Cyfrin-Security/4-puppy-raffle-audit/lib/forge-std/src/Vm.sol", "Solidity", 902, 0, 0, 0, 0, 0, 0, 0, 0, 0, 1005, 562, 2469
"/Users/mhng/Programing/Cyfrin-Security/4-puppy-raffle-audit/lib/forge-std/src/console.sol", "Solidity", 1173, 0, 0, 0, 0, 0, 0, 0, 0, 0, 2, 386, 1561
"/Users/mhng/Programing/Cyfrin-Security/4-puppy-raffle-audit/lib/forge-std/src/console2.sol", "Solidity", 2, 0, 0, 0, 0, 0, 0, 0, 0, 0, 1, 2, 5
"/Users/mhng/Programing/Cyfrin-Security/4-puppy-raffle-audit/lib/forge-std/src/interfaces/IERC1155.sol", "Solidity", 27, 0, 0, 0, 0, 0, 0, 0, 0, 0, 67, 12, 106
"/Users/mhng/Programing/Cyfrin-Security/4-puppy-raffle-audit/lib/forge-std/src/interfaces/IERC165.sol", "Solidity", 4, 0, 0, 0, 0, 0, 0, 0, 0, 0, 7, 2, 13
"/Users/mhng/Programing/Cyfrin-Security/4-puppy-raffle-audit/lib/forge-std/src/interfaces/IERC20.sol", "Solidity", 14, 0, 0, 0, 0, 0, 0, 0, 0, 0, 18, 12, 44
"/Users/mhng/Programing/Cyfrin-Security/4-puppy-raffle-audit/lib/forge-std/src/interfaces/IERC4626.sol", "Solidity", 24, 0, 0, 0, 0, 0, 0, 0, 0, 0, 147, 20, 191
"/Users/mhng/Programing/Cyfrin-Security/4-puppy-raffle-audit/lib/forge-std/src/interfaces/IERC6909.sol", "Solidity", 28, 0, 0, 0, 0, 0, 0, 0, 0, 0, 27, 18, 73
"/Users/mhng/Programing/Cyfrin-Security/4-puppy-raffle-audit/lib/forge-std/src/interfaces/IERC721.sol", "Solidity", 31, 0, 0, 0, 0, 0, 0, 0, 0, 0, 113, 21, 165
"/Users/mhng/Programing/Cyfrin-Security/4-puppy-raffle-audit/lib/forge-std/src/interfaces/IERC7540.sol", "Solidity", 38, 0, 0, 0, 0, 0, 0, 0, 0, 0, 97, 16, 151
"/Users/mhng/Programing/Cyfrin-Security/4-puppy-raffle-audit/lib/forge-std/src/interfaces/IERC7575.sol", "Solidity", 29, 0, 0, 0, 0, 0, 0, 0, 0, 0, 191, 22, 242
"/Users/mhng/Programing/Cyfrin-Security/4-puppy-raffle-audit/lib/forge-std/src/interfaces/IMulticall3.sol", "Solidity", 51, 0, 0, 0, 0, 0, 0, 0, 0, 0, 1, 22, 74
"/Users/mhng/Programing/Cyfrin-Security/4-puppy-raffle-audit/lib/forge-std/src/safeconsole.sol", "Solidity", 12553, 0, 0, 0, 0, 0, 0, 0, 0, 0, 1038, 347, 13938
"/Users/mhng/Programing/Cyfrin-Security/4-puppy-raffle-audit/lib/forge-std/test/CommonBase.t.sol", "Solidity", 33, 0, 0, 0, 0, 0, 0, 0, 0, 0, 1, 11, 45
"/Users/mhng/Programing/Cyfrin-Security/4-puppy-raffle-audit/lib/forge-std/test/StdAssertions.t.sol", "Solidity", 115, 0, 0, 0, 0, 0, 0, 0, 0, 0, 2, 25, 142
"/Users/mhng/Programing/Cyfrin-Security/4-puppy-raffle-audit/lib/forge-std/test/StdChains.t.sol", "Solidity", 131, 0, 0, 0, 0, 0, 0, 0, 0, 0, 55, 42, 228
"/Users/mhng/Programing/Cyfrin-Security/4-puppy-raffle-audit/lib/forge-std/test/StdCheats.t.sol", "Solidity", 487, 0, 0, 0, 0, 0, 0, 0, 0, 0, 39, 114, 640
"/Users/mhng/Programing/Cyfrin-Security/4-puppy-raffle-audit/lib/forge-std/test/StdConstants.t.sol", "Solidity", 28, 0, 0, 0, 0, 0, 0, 0, 0, 0, 1, 10, 39
"/Users/mhng/Programing/Cyfrin-Security/4-puppy-raffle-audit/lib/forge-std/test/StdError.t.sol", "Solidity", 93, 0, 0, 0, 0, 0, 0, 0, 0, 0, 2, 26, 121
"/Users/mhng/Programing/Cyfrin-Security/4-puppy-raffle-audit/lib/forge-std/test/StdJson.t.sol", "Solidity", 38, 0, 0, 0, 0, 0, 0, 0, 0, 0, 1, 11, 50
"/Users/mhng/Programing/Cyfrin-Security/4-puppy-raffle-audit/lib/forge-std/test/StdMath.t.sol", "Solidity", 153, 0, 0, 0, 0, 0, 0, 0, 0, 0, 7, 43, 203
"/Users/mhng/Programing/Cyfrin-Security/4-puppy-raffle-audit/lib/forge-std/test/StdStorage.t.sol", "Solidity", 368, 0, 0, 0, 0, 0, 0, 0, 0, 0, 27, 94, 489
"/Users/mhng/Programing/Cyfrin-Security/4-puppy-raffle-audit/lib/forge-std/test/StdStyle.t.sol", "Solidity", 102, 0, 0, 0, 0, 0, 0, 0, 0, 0, 1, 8, 111
"/Users/mhng/Programing/Cyfrin-Security/4-puppy-raffle-audit/lib/forge-std/test/StdToml.t.sol", "Solidity", 38, 0, 0, 0, 0, 0, 0, 0, 0, 0, 1, 11, 50
"/Users/mhng/Programing/Cyfrin-Security/4-puppy-raffle-audit/lib/forge-std/test/StdUtils.t.sol", "Solidity", 246, 0, 0, 0, 0, 0, 0, 0, 0, 0, 37, 60, 343
"/Users/mhng/Programing/Cyfrin-Security/4-puppy-raffle-audit/lib/forge-std/test/Vm.t.sol", "Solidity", 11, 0, 0, 0, 0, 0, 0, 0, 0, 0, 4, 4, 19
"/Users/mhng/Programing/Cyfrin-Security/4-puppy-raffle-audit/lib/forge-std/test/compilation/CompilationScript.sol", "Solidity", 4, 0, 0, 0, 0, 0, 0, 0, 0, 0, 3, 4, 11
"/Users/mhng/Programing/Cyfrin-Security/4-puppy-raffle-audit/lib/forge-std/test/compilation/CompilationScriptBase.sol", "Solidity", 4, 0, 0, 0, 0, 0, 0, 0, 0, 0, 3, 4, 11
"/Users/mhng/Programing/Cyfrin-Security/4-puppy-raffle-audit/lib/forge-std/test/compilation/CompilationTest.sol", "Solidity", 4, 0, 0, 0, 0, 0, 0, 0, 0, 0, 3, 4, 11
"/Users/mhng/Programing/Cyfrin-Security/4-puppy-raffle-audit/lib/forge-std/test/compilation/CompilationTestBase.sol", "Solidity", 4, 0, 0, 0, 0, 0, 0, 0, 0, 0, 3, 4, 11
"/Users/mhng/Programing/Cyfrin-Security/4-puppy-raffle-audit/lib/forge-std/test/fixtures/broadcast.log.json", "JSON", 0, 0, 0, 187, 0, 0, 0, 0, 0, 0, 0, 1, 188
"/Users/mhng/Programing/Cyfrin-Security/4-puppy-raffle-audit/lib/forge-std/test/fixtures/test.json", "JSON", 0, 0, 0, 8, 0, 0, 0, 0, 0, 0, 0, 0, 8
"/Users/mhng/Programing/Cyfrin-Security/4-puppy-raffle-audit/lib/forge-std/test/fixtures/test.toml", "TOML", 0, 5, 0, 0, 0, 0, 0, 0, 0, 0, 0, 2, 7
"/Users/mhng/Programing/Cyfrin-Security/4-puppy-raffle-audit/lib/openzeppelin-contracts/.codecov.yml", "YAML", 0, 0, 0, 0, 0, 0, 0, 11, 0, 0, 0, 1, 12
"/Users/mhng/Programing/Cyfrin-Security/4-puppy-raffle-audit/lib/openzeppelin-contracts/.github/ISSUE_TEMPLATE/bug_report.md", "Markdown", 0, 0, 7, 0, 0, 0, 0, 0, 0, 0, 5, 10, 22
"/Users/mhng/Programing/Cyfrin-Security/4-puppy-raffle-audit/lib/openzeppelin-contracts/.github/ISSUE_TEMPLATE/config.yml", "YAML", 0, 0, 0, 0, 0, 0, 0, 4, 0, 0, 0, 1, 5
"/Users/mhng/Programing/Cyfrin-Security/4-puppy-raffle-audit/lib/openzeppelin-contracts/.github/ISSUE_TEMPLATE/feature_request.md", "Markdown", 0, 0, 6, 0, 0, 0, 0, 0, 0, 0, 4, 5, 15
"/Users/mhng/Programing/Cyfrin-Security/4-puppy-raffle-audit/lib/openzeppelin-contracts/.github/PULL_REQUEST_TEMPLATE.md", "Markdown", 0, 0, 5, 0, 0, 0, 0, 0, 0, 0, 8, 8, 21
"/Users/mhng/Programing/Cyfrin-Security/4-puppy-raffle-audit/lib/openzeppelin-contracts/.github/workflows/test.yml", "YAML", 0, 0, 0, 0, 0, 0, 0, 42, 0, 0, 0, 4, 46
"/Users/mhng/Programing/Cyfrin-Security/4-puppy-raffle-audit/lib/openzeppelin-contracts/.mocharc.js", "JavaScript", 0, 0, 0, 0, 0, 0, 3, 0, 0, 0, 0, 1, 4
"/Users/mhng/Programing/Cyfrin-Security/4-puppy-raffle-audit/lib/openzeppelin-contracts/.solcover.js", "JavaScript", 0, 0, 0, 0, 0, 0, 15, 0, 0, 0, 0, 1, 16
"/Users/mhng/Programing/Cyfrin-Security/4-puppy-raffle-audit/lib/openzeppelin-contracts/.solhint.json", "JSON", 0, 0, 0, 12, 0, 0, 0, 0, 0, 0, 0, 1, 13
"/Users/mhng/Programing/Cyfrin-Security/4-puppy-raffle-audit/lib/openzeppelin-contracts/CHANGELOG.md", "Markdown", 0, 0, 197, 0, 0, 0, 0, 0, 0, 0, 0, 63, 260
"/Users/mhng/Programing/Cyfrin-Security/4-puppy-raffle-audit/lib/openzeppelin-contracts/CODE_OF_CONDUCT.md", "Markdown", 0, 0, 55, 0, 0, 0, 0, 0, 0, 0, 0, 19, 74
"/Users/mhng/Programing/Cyfrin-Security/4-puppy-raffle-audit/lib/openzeppelin-contracts/CONTRIBUTING.md", "Markdown", 0, 0, 42, 0, 0, 0, 0, 0, 0, 0, 0, 23, 65
"/Users/mhng/Programing/Cyfrin-Security/4-puppy-raffle-audit/lib/openzeppelin-contracts/DOCUMENTATION.md", "Markdown", 0, 0, 12, 0, 0, 0, 0, 0, 0, 0, 0, 5, 17
"/Users/mhng/Programing/Cyfrin-Security/4-puppy-raffle-audit/lib/openzeppelin-contracts/GUIDELINES.md", "Markdown", 0, 0, 68, 0, 0, 0, 0, 0, 0, 0, 0, 38, 106
"/Users/mhng/Programing/Cyfrin-Security/4-puppy-raffle-audit/lib/openzeppelin-contracts/README.md", "Markdown", 0, 0, 48, 0, 0, 0, 0, 0, 0, 0, 0, 30, 78
"/Users/mhng/Programing/Cyfrin-Security/4-puppy-raffle-audit/lib/openzeppelin-contracts/RELEASING.md", "Markdown", 0, 0, 22, 0, 0, 0, 0, 0, 0, 0, 0, 15, 37
"/Users/mhng/Programing/Cyfrin-Security/4-puppy-raffle-audit/lib/openzeppelin-contracts/audit/2017-03.md", "Markdown", 0, 0, 155, 0, 0, 0, 0, 0, 0, 0, 0, 136, 291
"/Users/mhng/Programing/Cyfrin-Security/4-puppy-raffle-audit/lib/openzeppelin-contracts/buidler.config.js", "JavaScript", 0, 0, 0, 0, 0, 0, 17, 0, 0, 0, 0, 4, 21
"/Users/mhng/Programing/Cyfrin-Security/4-puppy-raffle-audit/lib/openzeppelin-contracts/buidler/env-contract.js", "JavaScript", 0, 0, 0, 0, 0, 0, 6, 0, 0, 0, 3, 2, 11
"/Users/mhng/Programing/Cyfrin-Security/4-puppy-raffle-audit/lib/openzeppelin-contracts/contracts/GSN/Context.sol", "Solidity", 2, 0, 0, 0, 0, 0, 0, 0, 0, 0, 1, 3, 6
"/Users/mhng/Programing/Cyfrin-Security/4-puppy-raffle-audit/lib/openzeppelin-contracts/contracts/GSN/GSNRecipient.sol", "Solidity", 80, 0, 0, 0, 0, 0, 0, 0, 0, 0, 118, 33, 231
"/Users/mhng/Programing/Cyfrin-Security/4-puppy-raffle-audit/lib/openzeppelin-contracts/contracts/GSN/GSNRecipientERC20Fee.sol", "Solidity", 86, 0, 0, 0, 0, 0, 0, 0, 0, 0, 46, 23, 155
"/Users/mhng/Programing/Cyfrin-Security/4-puppy-raffle-audit/lib/openzeppelin-contracts/contracts/GSN/GSNRecipientSignature.sol", "Solidity", 50, 0, 0, 0, 0, 0, 0, 0, 0, 0, 13, 10, 73
"/Users/mhng/Programing/Cyfrin-Security/4-puppy-raffle-audit/lib/openzeppelin-contracts/contracts/GSN/IRelayHub.sol", "Solidity", 68, 0, 0, 0, 0, 0, 0, 0, 0, 0, 168, 34, 270
"/Users/mhng/Programing/Cyfrin-Security/4-puppy-raffle-audit/lib/openzeppelin-contracts/contracts/GSN/IRelayRecipient.sol", "Solidity", 20, 0, 0, 0, 0, 0, 0, 0, 0, 0, 51, 6, 77
"/Users/mhng/Programing/Cyfrin-Security/4-puppy-raffle-audit/lib/openzeppelin-contracts/contracts/access/AccessControl.sol", "Solidity", 58, 0, 0, 0, 0, 0, 0, 0, 0, 0, 136, 24, 218
"/Users/mhng/Programing/Cyfrin-Security/4-puppy-raffle-audit/lib/openzeppelin-contracts/contracts/access/Ownable.sol", "Solidity", 27, 0, 0, 0, 0, 0, 0, 0, 0, 0, 33, 9, 69
"/Users/mhng/Programing/Cyfrin-Security/4-puppy-raffle-audit/lib/openzeppelin-contracts/contracts/access/TimelockController.sol", "Solidity", 118, 0, 0, 0, 0, 0, 0, 0, 0, 0, 143, 39, 300
"/Users/mhng/Programing/Cyfrin-Security/4-puppy-raffle-audit/lib/openzeppelin-contracts/contracts/cryptography/ECDSA.sol", "Solidity", 27, 0, 0, 0, 0, 0, 0, 0, 0, 0, 50, 10, 87
"/Users/mhng/Programing/Cyfrin-Security/4-puppy-raffle-audit/lib/openzeppelin-contracts/contracts/cryptography/MerkleProof.sol", "Solidity", 15, 0, 0, 0, 0, 0, 0, 0, 0, 0, 13, 6, 34
"/Users/mhng/Programing/Cyfrin-Security/4-puppy-raffle-audit/lib/openzeppelin-contracts/contracts/drafts/EIP712.sol", "Solidity", 45, 0, 0, 0, 0, 0, 0, 0, 0, 0, 55, 9, 109
"/Users/mhng/Programing/Cyfrin-Security/4-puppy-raffle-audit/lib/openzeppelin-contracts/contracts/drafts/ERC20Permit.sol", "Solidity", 37, 0, 0, 0, 0, 0, 0, 0, 0, 0, 28, 14, 79
"/Users/mhng/Programing/Cyfrin-Security/4-puppy-raffle-audit/lib/openzeppelin-contracts/contracts/drafts/IERC20Permit.sol", "Solidity", 6, 0, 0, 0, 0, 0, 0, 0, 0, 0, 41, 5, 52
"/Users/mhng/Programing/Cyfrin-Security/4-puppy-raffle-audit/lib/openzeppelin-contracts/contracts/introspection/ERC165.sol", "Solidity", 16, 0, 0, 0, 0, 0, 0, 0, 0, 0, 31, 8, 55
"/Users/mhng/Programing/Cyfrin-Security/4-puppy-raffle-audit/lib/openzeppelin-contracts/contracts/introspection/ERC165Checker.sol", "Solidity", 47, 0, 0, 0, 0, 0, 0, 0, 0, 0, 70, 15, 132
"/Users/mhng/Programing/Cyfrin-Security/4-puppy-raffle-audit/lib/openzeppelin-contracts/contracts/introspection/ERC1820Implementer.sol", "Solidity", 12, 0, 0, 0, 0, 0, 0, 0, 0, 0, 19, 7, 38
"/Users/mhng/Programing/Cyfrin-Security/4-puppy-raffle-audit/lib/openzeppelin-contracts/contracts/introspection/IERC165.sol", "Solidity", 4, 0, 0, 0, 0, 0, 0, 0, 0, 0, 18, 3, 25
"/Users/mhng/Programing/Cyfrin-Security/4-puppy-raffle-audit/lib/openzeppelin-contracts/contracts/introspection/IERC1820Implementer.sol", "Solidity", 4, 0, 0, 0, 0, 0, 0, 0, 0, 0, 13, 3, 20
"/Users/mhng/Programing/Cyfrin-Security/4-puppy-raffle-audit/lib/openzeppelin-contracts/contracts/introspection/IERC1820Registry.sol", "Solidity", 13, 0, 0, 0, 0, 0, 0, 0, 0, 0, 87, 12, 112
"/Users/mhng/Programing/Cyfrin-Security/4-puppy-raffle-audit/lib/openzeppelin-contracts/contracts/math/Math.sol", "Solidity", 12, 0, 0, 0, 0, 0, 0, 0, 0, 0, 15, 5, 32
"/Users/mhng/Programing/Cyfrin-Security/4-puppy-raffle-audit/lib/openzeppelin-contracts/contracts/math/SafeMath.sol", "Solidity", 61, 0, 0, 0, 0, 0, 0, 0, 0, 0, 139, 15, 215
"/Users/mhng/Programing/Cyfrin-Security/4-puppy-raffle-audit/lib/openzeppelin-contracts/contracts/math/SignedSafeMath.sol", "Solidity", 29, 0, 0, 0, 0, 0, 0, 0, 0, 0, 50, 14, 93
"/Users/mhng/Programing/Cyfrin-Security/4-puppy-raffle-audit/lib/openzeppelin-contracts/contracts/mocks/AccessControlMock.sol", "Solidity", 10, 0, 0, 0, 0, 0, 0, 0, 0, 0, 1, 5, 16
"/Users/mhng/Programing/Cyfrin-Security/4-puppy-raffle-audit/lib/openzeppelin-contracts/contracts/mocks/AddressImpl.sol", "Solidity", 29, 0, 0, 0, 0, 0, 0, 0, 0, 0, 2, 12, 43
"/Users/mhng/Programing/Cyfrin-Security/4-puppy-raffle-audit/lib/openzeppelin-contracts/contracts/mocks/ArraysImpl.sol", "Solidity", 12, 0, 0, 0, 0, 0, 0, 0, 0, 0, 1, 7, 20
"/Users/mhng/Programing/Cyfrin-Security/4-puppy-raffle-audit/lib/openzeppelin-contracts/contracts/mocks/BadBeacon.sol", "Solidity", 8, 0, 0, 0, 0, 0, 0, 0, 0, 0, 1, 4, 13
"/Users/mhng/Programing/Cyfrin-Security/4-puppy-raffle-audit/lib/openzeppelin-contracts/contracts/mocks/CallReceiverMock.sol", "Solidity", 35, 0, 0, 0, 0, 0, 0, 0, 0, 0, 1, 15, 51
"/Users/mhng/Programing/Cyfrin-Security/4-puppy-raffle-audit/lib/openzeppelin-contracts/contracts/mocks/ClashingImplementation.sol", "Solidity", 9, 0, 0, 0, 0, 0, 0, 0, 0, 0, 6, 6, 21
"/Users/mhng/Programing/Cyfrin-Security/4-puppy-raffle-audit/lib/openzeppelin-contracts/contracts/mocks/ClonesMock.sol", "Solidity", 23, 0, 0, 0, 0, 0, 0, 0, 0, 0, 1, 9, 33
"/Users/mhng/Programing/Cyfrin-Security/4-puppy-raffle-audit/lib/openzeppelin-contracts/contracts/mocks/ConditionalEscrowMock.sol", "Solidity", 11, 0, 0, 0, 0, 0, 0, 0, 0, 0, 2, 6, 19
"/Users/mhng/Programing/Cyfrin-Security/4-puppy-raffle-audit/lib/openzeppelin-contracts/contracts/mocks/ContextMock.sol", "Solidity", 20, 0, 0, 0, 0, 0, 0, 0, 0, 0, 1, 9, 30
"/Users/mhng/Programing/Cyfrin-Security/4-puppy-raffle-audit/lib/openzeppelin-contracts/contracts/mocks/CountersImpl.sol", "Solidity", 15, 0, 0, 0, 0, 0, 0, 0, 0, 0, 1, 8, 24
"/Users/mhng/Programing/Cyfrin-Security/4-puppy-raffle-audit/lib/openzeppelin-contracts/contracts/mocks/Create2Impl.sol", "Solidity", 18, 0, 0, 0, 0, 0, 0, 0, 0, 0, 2, 8, 28
"/Users/mhng/Programing/Cyfrin-Security/4-puppy-raffle-audit/lib/openzeppelin-contracts/contracts/mocks/DummyImplementation.sol", "Solidity", 43, 0, 0, 0, 0, 0, 0, 0, 0, 0, 1, 14, 58
"/Users/mhng/Programing/Cyfrin-Security/4-puppy-raffle-audit/lib/openzeppelin-contracts/contracts/mocks/ECDSAMock.sol", "Solidity", 11, 0, 0, 0, 0, 0, 0, 0, 0, 0, 1, 6, 18
"/Users/mhng/Programing/Cyfrin-Security/4-puppy-raffle-audit/lib/openzeppelin-contracts/contracts/mocks/EIP712External.sol", "Solidity", 24, 0, 0, 0, 0, 0, 0, 0, 0, 0, 2, 7, 33
"/Users/mhng/Programing/Cyfrin-Security/4-puppy-raffle-audit/lib/openzeppelin-contracts/contracts/mocks/ERC1155BurnableMock.sol", "Solidity", 8, 0, 0, 0, 0, 0, 0, 0, 0, 0, 1, 5, 14
"/Users/mhng/Programing/Cyfrin-Security/4-puppy-raffle-audit/lib/openzeppelin-contracts/contracts/mocks/ERC1155Mock.sol", "Solidity", 21, 0, 0, 0, 0, 0, 0, 0, 0, 0, 6, 9, 36
"/Users/mhng/Programing/Cyfrin-Security/4-puppy-raffle-audit/lib/openzeppelin-contracts/contracts/mocks/ERC1155PausableMock.sol", "Solidity", 24, 0, 0, 0, 0, 0, 0, 0, 0, 0, 1, 7, 32
"/Users/mhng/Programing/Cyfrin-Security/4-puppy-raffle-audit/lib/openzeppelin-contracts/contracts/mocks/ERC1155ReceiverMock.sol", "Solidity", 54, 0, 0, 0, 0, 0, 0, 0, 0, 0, 1, 8, 63
"/Users/mhng/Programing/Cyfrin-Security/4-puppy-raffle-audit/lib/openzeppelin-contracts/contracts/mocks/ERC165/ERC165InterfacesSupported.sol", "Solidity", 23, 0, 0, 0, 0, 0, 0, 0, 0, 0, 27, 9, 59
"/Users/mhng/Programing/Cyfrin-Security/4-puppy-raffle-audit/lib/openzeppelin-contracts/contracts/mocks/ERC165/ERC165NotSupported.sol", "Solidity", 2, 0, 0, 0, 0, 0, 0, 0, 0, 0, 1, 3, 6
"/Users/mhng/Programing/Cyfrin-Security/4-puppy-raffle-audit/lib/openzeppelin-contracts/contracts/mocks/ERC165CheckerMock.sol", "Solidity", 17, 0, 0, 0, 0, 0, 0, 0, 0, 0, 1, 8, 26
"/Users/mhng/Programing/Cyfrin-Security/4-puppy-raffle-audit/lib/openzeppelin-contracts/contracts/mocks/ERC165Mock.sol", "Solidity", 7, 0, 0, 0, 0, 0, 0, 0, 0, 0, 1, 4, 12
"/Users/mhng/Programing/Cyfrin-Security/4-puppy-raffle-audit/lib/openzeppelin-contracts/contracts/mocks/ERC1820ImplementerMock.sol", "Solidity", 7, 0, 0, 0, 0, 0, 0, 0, 0, 0, 1, 4, 12
"/Users/mhng/Programing/Cyfrin-Security/4-puppy-raffle-audit/lib/openzeppelin-contracts/contracts/mocks/ERC20BurnableMock.sol", "Solidity", 12, 0, 0, 0, 0, 0, 0, 0, 0, 0, 1, 4, 17
"/Users/mhng/Programing/Cyfrin-Security/4-puppy-raffle-audit/lib/openzeppelin-contracts/contracts/mocks/ERC20CappedMock.sol", "Solidity", 10, 0, 0, 0, 0, 0, 0, 0, 0, 0, 1, 5, 16
"/Users/mhng/Programing/Cyfrin-Security/4-puppy-raffle-audit/lib/openzeppelin-contracts/contracts/mocks/ERC20DecimalsMock.sol", "Solidity", 7, 0, 0, 0, 0, 0, 0, 0, 0, 0, 1, 4, 12
"/Users/mhng/Programing/Cyfrin-Security/4-puppy-raffle-audit/lib/openzeppelin-contracts/contracts/mocks/ERC20Mock.sol", "Solidity", 24, 0, 0, 0, 0, 0, 0, 0, 0, 0, 2, 8, 34
"/Users/mhng/Programing/Cyfrin-Security/4-puppy-raffle-audit/lib/openzeppelin-contracts/contracts/mocks/ERC20PausableMock.sol", "Solidity", 24, 0, 0, 0, 0, 0, 0, 0, 0, 0, 2, 8, 34
"/Users/mhng/Programing/Cyfrin-Security/4-puppy-raffle-audit/lib/openzeppelin-contracts/contracts/mocks/ERC20PermitMock.sol", "Solidity", 18, 0, 0, 0, 0, 0, 0, 0, 0, 0, 2, 5, 25
"/Users/mhng/Programing/Cyfrin-Security/4-puppy-raffle-audit/lib/openzeppelin-contracts/contracts/mocks/ERC20SnapshotMock.sol", "Solidity", 21, 0, 0, 0, 0, 0, 0, 0, 0, 0, 1, 8, 30
"/Users/mhng/Programing/Cyfrin-Security/4-puppy-raffle-audit/lib/openzeppelin-contracts/contracts/mocks/ERC721BurnableMock.sol", "Solidity", 8, 0, 0, 0, 0, 0, 0, 0, 0, 0, 1, 5, 14
"/Users/mhng/Programing/Cyfrin-Security/4-puppy-raffle-audit/lib/openzeppelin-contracts/contracts/mocks/ERC721GSNRecipientMock.sol", "Solidity", 20, 0, 0, 0, 0, 0, 0, 0, 0, 0, 5, 7, 32
"/Users/mhng/Programing/Cyfrin-Security/4-puppy-raffle-audit/lib/openzeppelin-contracts/contracts/mocks/ERC721Mock.sol", "Solidity", 26, 0, 0, 0, 0, 0, 0, 0, 0, 0, 5, 11, 42
"/Users/mhng/Programing/Cyfrin-Security/4-puppy-raffle-audit/lib/openzeppelin-contracts/contracts/mocks/ERC721PausableMock.sol", "Solidity", 20, 0, 0, 0, 0, 0, 0, 0, 0, 0, 5, 9, 34
"/Users/mhng/Programing/Cyfrin-Security/4-puppy-raffle-audit/lib/openzeppelin-contracts/contracts/mocks/ERC721ReceiverMock.sol", "Solidity", 18, 0, 0, 0, 0, 0, 0, 0, 0, 0, 1, 7, 26
"/Users/mhng/Programing/Cyfrin-Security/4-puppy-raffle-audit/lib/openzeppelin-contracts/contracts/mocks/ERC777Mock.sol", "Solidity", 29, 0, 0, 0, 0, 0, 0, 0, 0, 0, 1, 8, 38
"/Users/mhng/Programing/Cyfrin-Security/4-puppy-raffle-audit/lib/openzeppelin-contracts/contracts/mocks/ERC777SenderRecipientMock.sol", "Solidity", 121, 0, 0, 0, 0, 0, 0, 0, 0, 0, 5, 28, 154
"/Users/mhng/Programing/Cyfrin-Security/4-puppy-raffle-audit/lib/openzeppelin-contracts/contracts/mocks/EnumerableMapMock.sol", "Solidity", 33, 0, 0, 0, 0, 0, 0, 0, 0, 0, 1, 15, 49
"/Users/mhng/Programing/Cyfrin-Security/4-puppy-raffle-audit/lib/openzeppelin-contracts/contracts/mocks/EnumerableSetMock.sol", "Solidity", 68, 0, 0, 0, 0, 0, 0, 0, 0, 0, 4, 27, 99
"/Users/mhng/Programing/Cyfrin-Security/4-puppy-raffle-audit/lib/openzeppelin-contracts/contracts/mocks/EtherReceiverMock.sol", "Solidity", 12, 0, 0, 0, 0, 0, 0, 0, 0, 0, 1, 5, 18
"/Users/mhng/Programing/Cyfrin-Security/4-puppy-raffle-audit/lib/openzeppelin-contracts/contracts/mocks/GSNRecipientERC20FeeMock.sol", "Solidity", 13, 0, 0, 0, 0, 0, 0, 0, 0, 0, 1, 7, 21
"/Users/mhng/Programing/Cyfrin-Security/4-puppy-raffle-audit/lib/openzeppelin-contracts/contracts/mocks/GSNRecipientMock.sol", "Solidity", 27, 0, 0, 0, 0, 0, 0, 0, 0, 0, 2, 10, 39
"/Users/mhng/Programing/Cyfrin-Security/4-puppy-raffle-audit/lib/openzeppelin-contracts/contracts/mocks/GSNRecipientSignatureMock.sol", "Solidity", 10, 0, 0, 0, 0, 0, 0, 0, 0, 0, 1, 6, 17
"/Users/mhng/Programing/Cyfrin-Security/4-puppy-raffle-audit/lib/openzeppelin-contracts/contracts/mocks/InitializableMock.sol", "Solidity", 21, 0, 0, 0, 0, 0, 0, 0, 0, 0, 5, 11, 37
"/Users/mhng/Programing/Cyfrin-Security/4-puppy-raffle-audit/lib/openzeppelin-contracts/contracts/mocks/MathMock.sol", "Solidity", 13, 0, 0, 0, 0, 0, 0, 0, 0, 0, 1, 6, 20
"/Users/mhng/Programing/Cyfrin-Security/4-puppy-raffle-audit/lib/openzeppelin-contracts/contracts/mocks/MerkleProofWrapper.sol", "Solidity", 7, 0, 0, 0, 0, 0, 0, 0, 0, 0, 1, 4, 12
"/Users/mhng/Programing/Cyfrin-Security/4-puppy-raffle-audit/lib/openzeppelin-contracts/contracts/mocks/MultipleInheritanceInitializableMocks.sol", "Solidity", 37, 0, 0, 0, 0, 0, 0, 0, 0, 0, 26, 14, 77
"/Users/mhng/Programing/Cyfrin-Security/4-puppy-raffle-audit/lib/openzeppelin-contracts/contracts/mocks/OwnableMock.sol", "Solidity", 3, 0, 0, 0, 0, 0, 0, 0, 0, 0, 1, 4, 8
"/Users/mhng/Programing/Cyfrin-Security/4-puppy-raffle-audit/lib/openzeppelin-contracts/contracts/mocks/PausableMock.sol", "Solidity", 22, 0, 0, 0, 0, 0, 0, 0, 0, 0, 1, 9, 32
"/Users/mhng/Programing/Cyfrin-Security/4-puppy-raffle-audit/lib/openzeppelin-contracts/contracts/mocks/PullPaymentMock.sol", "Solidity", 8, 0, 0, 0, 0, 0, 0, 0, 0, 0, 3, 5, 16
"/Users/mhng/Programing/Cyfrin-Security/4-puppy-raffle-audit/lib/openzeppelin-contracts/contracts/mocks/ReentrancyAttack.sol", "Solidity", 8, 0, 0, 0, 0, 0, 0, 0, 0, 0, 2, 3, 13
"/Users/mhng/Programing/Cyfrin-Security/4-puppy-raffle-audit/lib/openzeppelin-contracts/contracts/mocks/ReentrancyMock.sol", "Solidity", 33, 0, 0, 0, 0, 0, 0, 0, 0, 0, 2, 10, 45
"/Users/mhng/Programing/Cyfrin-Security/4-puppy-raffle-audit/lib/openzeppelin-contracts/contracts/mocks/RegressionImplementation.sol", "Solidity", 46, 0, 0, 0, 0, 0, 0, 0, 0, 0, 2, 19, 67
"/Users/mhng/Programing/Cyfrin-Security/4-puppy-raffle-audit/lib/openzeppelin-contracts/contracts/mocks/SafeCastMock.sol", "Solidity", 42, 0, 0, 0, 0, 0, 0, 0, 0, 0, 1, 16, 59
"/Users/mhng/Programing/Cyfrin-Security/4-puppy-raffle-audit/lib/openzeppelin-contracts/contracts/mocks/SafeERC20Helper.sol", "Solidity", 93, 0, 0, 0, 0, 0, 0, 0, 0, 0, 7, 33, 133
"/Users/mhng/Programing/Cyfrin-Security/4-puppy-raffle-audit/lib/openzeppelin-contracts/contracts/mocks/SafeMathMock.sol", "Solidity", 73, 0, 0, 0, 0, 0, 0, 0, 0, 0, 12, 23, 108
"/Users/mhng/Programing/Cyfrin-Security/4-puppy-raffle-audit/lib/openzeppelin-contracts/contracts/mocks/SignedSafeMathMock.sol", "Solidity", 16, 0, 0, 0, 0, 0, 0, 0, 0, 0, 1, 7, 24
"/Users/mhng/Programing/Cyfrin-Security/4-puppy-raffle-audit/lib/openzeppelin-contracts/contracts/mocks/SingleInheritanceInitializableMocks.sol", "Solidity", 28, 0, 0, 0, 0, 0, 0, 0, 0, 0, 13, 9, 50
"/Users/mhng/Programing/Cyfrin-Security/4-puppy-raffle-audit/lib/openzeppelin-contracts/contracts/mocks/StringsMock.sol", "Solidity", 7, 0, 0, 0, 0, 0, 0, 0, 0, 0, 1, 4, 12
"/Users/mhng/Programing/Cyfrin-Security/4-puppy-raffle-audit/lib/openzeppelin-contracts/contracts/package.json", "JSON", 0, 0, 0, 33, 0, 0, 0, 0, 0, 0, 0, 1, 34
"/Users/mhng/Programing/Cyfrin-Security/4-puppy-raffle-audit/lib/openzeppelin-contracts/contracts/payment/PaymentSplitter.sol", "Solidity", 59, 0, 0, 0, 0, 0, 0, 0, 0, 0, 55, 22, 136
"/Users/mhng/Programing/Cyfrin-Security/4-puppy-raffle-audit/lib/openzeppelin-contracts/contracts/payment/PullPayment.sol", "Solidity", 17, 0, 0, 0, 0, 0, 0, 0, 0, 0, 45, 8, 70
"/Users/mhng/Programing/Cyfrin-Security/4-puppy-raffle-audit/lib/openzeppelin-contracts/contracts/payment/escrow/ConditionalEscrow.sol", "Solidity", 9, 0, 0, 0, 0, 0, 0, 0, 0, 0, 11, 5, 25
"/Users/mhng/Programing/Cyfrin-Security/4-puppy-raffle-audit/lib/openzeppelin-contracts/contracts/payment/escrow/Escrow.sol", "Solidity", 25, 0, 0, 0, 0, 0, 0, 0, 0, 0, 28, 13, 66
"/Users/mhng/Programing/Cyfrin-Security/4-puppy-raffle-audit/lib/openzeppelin-contracts/contracts/payment/escrow/RefundEscrow.sol", "Solidity", 41, 0, 0, 0, 0, 0, 0, 0, 0, 0, 39, 14, 94
"/Users/mhng/Programing/Cyfrin-Security/4-puppy-raffle-audit/lib/openzeppelin-contracts/contracts/presets/ERC1155PresetMinterPauser.sol", "Solidity", 43, 0, 0, 0, 0, 0, 0, 0, 0, 0, 49, 13, 105
"/Users/mhng/Programing/Cyfrin-Security/4-puppy-raffle-audit/lib/openzeppelin-contracts/contracts/presets/ERC20PresetFixedSupply.sol", "Solidity", 12, 0, 0, 0, 0, 0, 0, 0, 0, 0, 18, 3, 33
"/Users/mhng/Programing/Cyfrin-Security/4-puppy-raffle-audit/lib/openzeppelin-contracts/contracts/presets/ERC20PresetMinterPauser.sol", "Solidity", 30, 0, 0, 0, 0, 0, 0, 0, 0, 0, 48, 10, 88
"/Users/mhng/Programing/Cyfrin-Security/4-puppy-raffle-audit/lib/openzeppelin-contracts/contracts/presets/ERC721PresetMinterPauserAutoId.sol", "Solidity", 35, 0, 0, 0, 0, 0, 0, 0, 0, 0, 54, 14, 103
"/Users/mhng/Programing/Cyfrin-Security/4-puppy-raffle-audit/lib/openzeppelin-contracts/contracts/presets/ERC777PresetFixedSupply.sol", "Solidity", 13, 0, 0, 0, 0, 0, 0, 0, 0, 0, 14, 3, 30
"/Users/mhng/Programing/Cyfrin-Security/4-puppy-raffle-audit/lib/openzeppelin-contracts/contracts/proxy/BeaconProxy.sol", "Solidity", 37, 0, 0, 0, 0, 0, 0, 0, 0, 0, 42, 10, 89
"/Users/mhng/Programing/Cyfrin-Security/4-puppy-raffle-audit/lib/openzeppelin-contracts/contracts/proxy/Clones.sol", "Solidity", 38, 0, 0, 0, 0, 0, 0, 0, 0, 0, 35, 6, 79
"/Users/mhng/Programing/Cyfrin-Security/4-puppy-raffle-audit/lib/openzeppelin-contracts/contracts/proxy/IBeacon.sol", "Solidity", 4, 0, 0, 0, 0, 0, 0, 0, 0, 0, 9, 3, 16
"/Users/mhng/Programing/Cyfrin-Security/4-puppy-raffle-audit/lib/openzeppelin-contracts/contracts/proxy/Initializable.sol", "Solidity", 21, 0, 0, 0, 0, 0, 0, 0, 0, 0, 24, 11, 56
"/Users/mhng/Programing/Cyfrin-Security/4-puppy-raffle-audit/lib/openzeppelin-contracts/contracts/proxy/Proxy.sol", "Solidity", 26, 0, 0, 0, 0, 0, 0, 0, 0, 0, 47, 11, 84
"/Users/mhng/Programing/Cyfrin-Security/4-puppy-raffle-audit/lib/openzeppelin-contracts/contracts/proxy/ProxyAdmin.sol", "Solidity", 24, 0, 0, 0, 0, 0, 0, 0, 0, 0, 45, 9, 78
"/Users/mhng/Programing/Cyfrin-Security/4-puppy-raffle-audit/lib/openzeppelin-contracts/contracts/proxy/TransparentUpgradeableProxy.sol", "Solidity", 51, 0, 0, 0, 0, 0, 0, 0, 0, 0, 85, 16, 152
"/Users/mhng/Programing/Cyfrin-Security/4-puppy-raffle-audit/lib/openzeppelin-contracts/contracts/proxy/UpgradeableBeacon.sol", "Solidity", 22, 0, 0, 0, 0, 0, 0, 0, 0, 0, 34, 9, 65
"/Users/mhng/Programing/Cyfrin-Security/4-puppy-raffle-audit/lib/openzeppelin-contracts/contracts/proxy/UpgradeableProxy.sol", "Solidity", 31, 0, 0, 0, 0, 0, 0, 0, 0, 0, 37, 11, 79
"/Users/mhng/Programing/Cyfrin-Security/4-puppy-raffle-audit/lib/openzeppelin-contracts/contracts/token/ERC1155/ERC1155.sol", "Solidity", 213, 0, 0, 0, 0, 0, 0, 0, 0, 0, 141, 61, 415
"/Users/mhng/Programing/Cyfrin-Security/4-puppy-raffle-audit/lib/openzeppelin-contracts/contracts/token/ERC1155/ERC1155Burnable.sol", "Solidity", 18, 0, 0, 0, 0, 0, 0, 0, 0, 0, 7, 7, 32
"/Users/mhng/Programing/Cyfrin-Security/4-puppy-raffle-audit/lib/openzeppelin-contracts/contracts/token/ERC1155/ERC1155Holder.sol", "Solidity", 10, 0, 0, 0, 0, 0, 0, 0, 0, 0, 4, 5, 19
"/Users/mhng/Programing/Cyfrin-Security/4-puppy-raffle-audit/lib/openzeppelin-contracts/contracts/token/ERC1155/ERC1155Pausable.sol", "Solidity", 20, 0, 0, 0, 0, 0, 0, 0, 0, 0, 17, 5, 42
"/Users/mhng/Programing/Cyfrin-Security/4-puppy-raffle-audit/lib/openzeppelin-contracts/contracts/token/ERC1155/ERC1155Receiver.sol", "Solidity", 11, 0, 0, 0, 0, 0, 0, 0, 0, 0, 4, 4, 19
"/Users/mhng/Programing/Cyfrin-Security/4-puppy-raffle-audit/lib/openzeppelin-contracts/contracts/token/ERC1155/IERC1155.sol", "Solidity", 14, 0, 0, 0, 0, 0, 0, 0, 0, 0, 77, 13, 104
"/Users/mhng/Programing/Cyfrin-Security/4-puppy-raffle-audit/lib/openzeppelin-contracts/contracts/token/ERC1155/IERC1155MetadataURI.sol", "Solidity", 5, 0, 0, 0, 0, 0, 0, 0, 0, 0, 13, 4, 22
"/Users/mhng/Programing/Cyfrin-Security/4-puppy-raffle-audit/lib/openzeppelin-contracts/contracts/token/ERC1155/IERC1155Receiver.sol", "Solidity", 22, 0, 0, 0, 0, 0, 0, 0, 0, 0, 30, 6, 58
"/Users/mhng/Programing/Cyfrin-Security/4-puppy-raffle-audit/lib/openzeppelin-contracts/contracts/token/ERC20/ERC20.sol", "Solidity", 89, 0, 0, 0, 0, 0, 0, 0, 0, 0, 185, 33, 307
"/Users/mhng/Programing/Cyfrin-Security/4-puppy-raffle-audit/lib/openzeppelin-contracts/contracts/token/ERC20/ERC20Burnable.sol", "Solidity", 14, 0, 0, 0, 0, 0, 0, 0, 0, 0, 22, 7, 43
"/Users/mhng/Programing/Cyfrin-Security/4-puppy-raffle-audit/lib/openzeppelin-contracts/contracts/token/ERC20/ERC20Capped.sol", "Solidity", 19, 0, 0, 0, 0, 0, 0, 0, 0, 0, 18, 9, 46
"/Users/mhng/Programing/Cyfrin-Security/4-puppy-raffle-audit/lib/openzeppelin-contracts/contracts/token/ERC20/ERC20Pausable.sol", "Solidity", 9, 0, 0, 0, 0, 0, 0, 0, 0, 0, 15, 5, 29
"/Users/mhng/Programing/Cyfrin-Security/4-puppy-raffle-audit/lib/openzeppelin-contracts/contracts/token/ERC20/ERC20Snapshot.sol", "Solidity", 77, 0, 0, 0, 0, 0, 0, 0, 0, 0, 79, 26, 182
"/Users/mhng/Programing/Cyfrin-Security/4-puppy-raffle-audit/lib/openzeppelin-contracts/contracts/token/ERC20/IERC20.sol", "Solidity", 11, 0, 0, 0, 0, 0, 0, 0, 0, 0, 57, 10, 78
"/Users/mhng/Programing/Cyfrin-Security/4-puppy-raffle-audit/lib/openzeppelin-contracts/contracts/token/ERC20/SafeERC20.sol", "Solidity", 34, 0, 0, 0, 0, 0, 0, 0, 0, 0, 31, 11, 76
"/Users/mhng/Programing/Cyfrin-Security/4-puppy-raffle-audit/lib/openzeppelin-contracts/contracts/token/ERC20/TokenTimelock.sol", "Solidity", 29, 0, 0, 0, 0, 0, 0, 0, 0, 0, 25, 14, 68
"/Users/mhng/Programing/Cyfrin-Security/4-puppy-raffle-audit/lib/openzeppelin-contracts/contracts/token/ERC721/ERC721.sol", "Solidity", 183, 0, 0, 0, 0, 0, 0, 0, 0, 0, 222, 69, 474
"/Users/mhng/Programing/Cyfrin-Security/4-puppy-raffle-audit/lib/openzeppelin-contracts/contracts/token/ERC721/ERC721Burnable.sol", "Solidity", 9, 0, 0, 0, 0, 0, 0, 0, 0, 0, 13, 4, 26
"/Users/mhng/Programing/Cyfrin-Security/4-puppy-raffle-audit/lib/openzeppelin-contracts/contracts/token/ERC721/ERC721Holder.sol", "Solidity", 7, 0, 0, 0, 0, 0, 0, 0, 0, 0, 12, 5, 24
"/Users/mhng/Programing/Cyfrin-Security/4-puppy-raffle-audit/lib/openzeppelin-contracts/contracts/token/ERC721/ERC721Pausable.sol", "Solidity", 9, 0, 0, 0, 0, 0, 0, 0, 0, 0, 15, 5, 29
"/Users/mhng/Programing/Cyfrin-Security/4-puppy-raffle-audit/lib/openzeppelin-contracts/contracts/token/ERC721/IERC721.sol", "Solidity", 16, 0, 0, 0, 0, 0, 0, 0, 0, 0, 99, 15, 130
"/Users/mhng/Programing/Cyfrin-Security/4-puppy-raffle-audit/lib/openzeppelin-contracts/contracts/token/ERC721/IERC721Enumerable.sol", "Solidity", 7, 0, 0, 0, 0, 0, 0, 0, 0, 0, 16, 7, 30
"/Users/mhng/Programing/Cyfrin-Security/4-puppy-raffle-audit/lib/openzeppelin-contracts/contracts/token/ERC721/IERC721Metadata.sol", "Solidity", 7, 0, 0, 0, 0, 0, 0, 0, 0, 0, 14, 7, 28
"/Users/mhng/Programing/Cyfrin-Security/4-puppy-raffle-audit/lib/openzeppelin-contracts/contracts/token/ERC721/IERC721Receiver.sol", "Solidity", 4, 0, 0, 0, 0, 0, 0, 0, 0, 0, 15, 3, 22
"/Users/mhng/Programing/Cyfrin-Security/4-puppy-raffle-audit/lib/openzeppelin-contracts/contracts/token/ERC777/ERC777.sol", "Solidity", 247, 0, 0, 0, 0, 0, 0, 0, 0, 0, 186, 75, 508
"/Users/mhng/Programing/Cyfrin-Security/4-puppy-raffle-audit/lib/openzeppelin-contracts/contracts/token/ERC777/IERC777.sol", "Solidity", 39, 0, 0, 0, 0, 0, 0, 0, 0, 0, 130, 20, 189
"/Users/mhng/Programing/Cyfrin-Security/4-puppy-raffle-audit/lib/openzeppelin-contracts/contracts/token/ERC777/IERC777Recipient.sol", "Solidity", 11, 0, 0, 0, 0, 0, 0, 0, 0, 0, 21, 3, 35
"/Users/mhng/Programing/Cyfrin-Security/4-puppy-raffle-audit/lib/openzeppelin-contracts/contracts/token/ERC777/IERC777Sender.sol", "Solidity", 11, 0, 0, 0, 0, 0, 0, 0, 0, 0, 21, 3, 35
"/Users/mhng/Programing/Cyfrin-Security/4-puppy-raffle-audit/lib/openzeppelin-contracts/contracts/utils/Address.sol", "Solidity", 58, 0, 0, 0, 0, 0, 0, 0, 0, 0, 113, 19, 190
"/Users/mhng/Programing/Cyfrin-Security/4-puppy-raffle-audit/lib/openzeppelin-contracts/contracts/utils/Arrays.sol", "Solidity", 24, 0, 0, 0, 0, 0, 0, 0, 0, 0, 16, 8, 48
"/Users/mhng/Programing/Cyfrin-Security/4-puppy-raffle-audit/lib/openzeppelin-contracts/contracts/utils/Context.sol", "Solidity", 10, 0, 0, 0, 0, 0, 0, 0, 0, 0, 11, 4, 25
"/Users/mhng/Programing/Cyfrin-Security/4-puppy-raffle-audit/lib/openzeppelin-contracts/contracts/utils/Counters.sol", "Solidity", 17, 0, 0, 0, 0, 0, 0, 0, 0, 0, 16, 8, 41
"/Users/mhng/Programing/Cyfrin-Security/4-puppy-raffle-audit/lib/openzeppelin-contracts/contracts/utils/Create2.sol", "Solidity", 22, 0, 0, 0, 0, 0, 0, 0, 0, 0, 33, 5, 60
"/Users/mhng/Programing/Cyfrin-Security/4-puppy-raffle-audit/lib/openzeppelin-contracts/contracts/utils/EnumerableMap.sol", "Solidity", 92, 0, 0, 0, 0, 0, 0, 0, 0, 0, 141, 34, 267
"/Users/mhng/Programing/Cyfrin-Security/4-puppy-raffle-audit/lib/openzeppelin-contracts/contracts/utils/EnumerableSet.sol", "Solidity", 95, 0, 0, 0, 0, 0, 0, 0, 0, 0, 163, 40, 298
"/Users/mhng/Programing/Cyfrin-Security/4-puppy-raffle-audit/lib/openzeppelin-contracts/contracts/utils/Pausable.sol", "Solidity", 29, 0, 0, 0, 0, 0, 0, 0, 0, 0, 50, 12, 91
"/Users/mhng/Programing/Cyfrin-Security/4-puppy-raffle-audit/lib/openzeppelin-contracts/contracts/utils/ReentrancyGuard.sol", "Solidity", 15, 0, 0, 0, 0, 0, 0, 0, 0, 0, 38, 10, 63
"/Users/mhng/Programing/Cyfrin-Security/4-puppy-raffle-audit/lib/openzeppelin-contracts/contracts/utils/SafeCast.sol", "Solidity", 51, 0, 0, 0, 0, 0, 0, 0, 0, 0, 145, 16, 212
"/Users/mhng/Programing/Cyfrin-Security/4-puppy-raffle-audit/lib/openzeppelin-contracts/contracts/utils/Strings.sol", "Solidity", 22, 0, 0, 0, 0, 0, 0, 0, 0, 0, 9, 4, 35
"/Users/mhng/Programing/Cyfrin-Security/4-puppy-raffle-audit/lib/openzeppelin-contracts/logo.svg", "XML", 0, 0, 0, 0, 15, 0, 0, 0, 0, 0, 0, 1, 16
"/Users/mhng/Programing/Cyfrin-Security/4-puppy-raffle-audit/lib/openzeppelin-contracts/netlify.toml", "TOML", 0, 3, 0, 0, 0, 0, 0, 0, 0, 0, 0, 1, 4
"/Users/mhng/Programing/Cyfrin-Security/4-puppy-raffle-audit/lib/openzeppelin-contracts/package-lock.json", "JSON", 0, 0, 0, 14013, 0, 0, 0, 0, 0, 0, 0, 1, 14014
"/Users/mhng/Programing/Cyfrin-Security/4-puppy-raffle-audit/lib/openzeppelin-contracts/package.json", "JSON", 0, 0, 0, 77, 0, 0, 0, 0, 0, 0, 0, 1, 78
"/Users/mhng/Programing/Cyfrin-Security/4-puppy-raffle-audit/lib/openzeppelin-contracts/renovate.json", "JSON", 0, 0, 0, 11, 0, 0, 0, 0, 0, 0, 0, 1, 12
"/Users/mhng/Programing/Cyfrin-Security/4-puppy-raffle-audit/lib/openzeppelin-contracts/scripts/gen-nav.js", "JavaScript", 0, 0, 0, 0, 0, 0, 23, 0, 0, 0, 1, 9, 33
"/Users/mhng/Programing/Cyfrin-Security/4-puppy-raffle-audit/lib/openzeppelin-contracts/scripts/prepack.sh", "Shell Script", 0, 0, 0, 0, 0, 0, 0, 0, 4, 0, 2, 5, 11
"/Users/mhng/Programing/Cyfrin-Security/4-puppy-raffle-audit/lib/openzeppelin-contracts/scripts/prepare-contracts-package.sh", "Shell Script", 0, 0, 0, 0, 0, 0, 0, 0, 9, 0, 3, 4, 16
"/Users/mhng/Programing/Cyfrin-Security/4-puppy-raffle-audit/lib/openzeppelin-contracts/scripts/prepare-docs-solc.js", "JavaScript", 0, 0, 0, 0, 0, 0, 8, 0, 0, 0, 0, 4, 12
"/Users/mhng/Programing/Cyfrin-Security/4-puppy-raffle-audit/lib/openzeppelin-contracts/scripts/prepare-docs.sh", "Shell Script", 0, 0, 0, 0, 0, 0, 0, 0, 13, 0, 1, 7, 21
"/Users/mhng/Programing/Cyfrin-Security/4-puppy-raffle-audit/lib/openzeppelin-contracts/scripts/release/release.sh", "Shell Script", 0, 0, 0, 0, 0, 0, 0, 0, 94, 0, 13, 43, 150
"/Users/mhng/Programing/Cyfrin-Security/4-puppy-raffle-audit/lib/openzeppelin-contracts/scripts/release/synchronize-versions.js", "JavaScript", 0, 0, 0, 0, 0, 0, 10, 0, 0, 0, 2, 5, 17
"/Users/mhng/Programing/Cyfrin-Security/4-puppy-raffle-audit/lib/openzeppelin-contracts/scripts/release/update-changelog-release-date.js", "JavaScript", 0, 0, 0, 0, 0, 0, 17, 0, 0, 0, 6, 12, 35
"/Users/mhng/Programing/Cyfrin-Security/4-puppy-raffle-audit/lib/openzeppelin-contracts/scripts/release/version.sh", "Shell Script", 0, 0, 0, 0, 0, 0, 0, 0, 4, 0, 1, 4, 9
"/Users/mhng/Programing/Cyfrin-Security/4-puppy-raffle-audit/lib/openzeppelin-contracts/scripts/remove-ignored-artifacts.js", "JavaScript", 0, 0, 0, 0, 0, 0, 27, 0, 0, 0, 4, 12, 43
"/Users/mhng/Programing/Cyfrin-Security/4-puppy-raffle-audit/lib/openzeppelin-contracts/test/GSN/Context.behavior.js", "JavaScript", 0, 0, 0, 0, 0, 0, 33, 0, 0, 0, 0, 10, 43
"/Users/mhng/Programing/Cyfrin-Security/4-puppy-raffle-audit/lib/openzeppelin-contracts/test/GSN/Context.test.js", "JavaScript", 0, 0, 0, 0, 0, 0, 12, 0, 0, 0, 0, 6, 18
"/Users/mhng/Programing/Cyfrin-Security/4-puppy-raffle-audit/lib/openzeppelin-contracts/test/GSN/ERC721GSNRecipientMock.test.js", "JavaScript", 0, 0, 0, 0, 0, 0, 44, 0, 0, 0, 1, 11, 56
"/Users/mhng/Programing/Cyfrin-Security/4-puppy-raffle-audit/lib/openzeppelin-contracts/test/GSN/GSNRecipient.test.js", "JavaScript", 0, 0, 0, 0, 0, 0, 96, 0, 0, 0, 1, 27, 124
"/Users/mhng/Programing/Cyfrin-Security/4-puppy-raffle-audit/lib/openzeppelin-contracts/test/GSN/GSNRecipientERC20Fee.test.js", "JavaScript", 0, 0, 0, 0, 0, 0, 56, 0, 0, 0, 3, 19, 78
"/Users/mhng/Programing/Cyfrin-Security/4-puppy-raffle-audit/lib/openzeppelin-contracts/test/GSN/GSNRecipientSignature.test.js", "JavaScript", 0, 0, 0, 0, 0, 0, 74, 0, 0, 0, 4, 16, 94
"/Users/mhng/Programing/Cyfrin-Security/4-puppy-raffle-audit/lib/openzeppelin-contracts/test/TESTING.md", "Markdown", 0, 0, 2, 0, 0, 0, 0, 0, 0, 0, 0, 2, 4
"/Users/mhng/Programing/Cyfrin-Security/4-puppy-raffle-audit/lib/openzeppelin-contracts/test/access/AccessControl.test.js", "JavaScript", 0, 0, 0, 0, 0, 0, 144, 0, 0, 0, 0, 39, 183
"/Users/mhng/Programing/Cyfrin-Security/4-puppy-raffle-audit/lib/openzeppelin-contracts/test/access/Ownable.test.js", "JavaScript", 0, 0, 0, 0, 0, 0, 45, 0, 0, 0, 0, 13, 58
"/Users/mhng/Programing/Cyfrin-Security/4-puppy-raffle-audit/lib/openzeppelin-contracts/test/access/TimelockController.test.js", "JavaScript", 0, 0, 0, 0, 0, 0, 908, 0, 0, 0, 2, 83, 993
"/Users/mhng/Programing/Cyfrin-Security/4-puppy-raffle-audit/lib/openzeppelin-contracts/test/cryptography/ECDSA.test.js", "JavaScript", 0, 0, 0, 0, 0, 0, 110, 0, 0, 0, 12, 23, 145
"/Users/mhng/Programing/Cyfrin-Security/4-puppy-raffle-audit/lib/openzeppelin-contracts/test/cryptography/MerkleProof.test.js", "JavaScript", 0, 0, 0, 0, 0, 0, 39, 0, 0, 0, 0, 21, 60
"/Users/mhng/Programing/Cyfrin-Security/4-puppy-raffle-audit/lib/openzeppelin-contracts/test/drafts/EIP712.test.js", "JavaScript", 0, 0, 0, 0, 0, 0, 43, 0, 0, 0, 3, 12, 58
"/Users/mhng/Programing/Cyfrin-Security/4-puppy-raffle-audit/lib/openzeppelin-contracts/test/drafts/ERC20Permit.test.js", "JavaScript", 0, 0, 0, 0, 0, 0, 87, 0, 0, 0, 4, 27, 118
"/Users/mhng/Programing/Cyfrin-Security/4-puppy-raffle-audit/lib/openzeppelin-contracts/test/helpers/eip712.js", "JavaScript", 0, 0, 0, 0, 0, 0, 18, 0, 0, 0, 0, 4, 22
"/Users/mhng/Programing/Cyfrin-Security/4-puppy-raffle-audit/lib/openzeppelin-contracts/test/helpers/merkleTree.js", "JavaScript", 0, 0, 0, 0, 0, 0, 96, 0, 0, 0, 7, 33, 136
"/Users/mhng/Programing/Cyfrin-Security/4-puppy-raffle-audit/lib/openzeppelin-contracts/test/helpers/set-gsn-provider.js", "JavaScript", 0, 0, 0, 0, 0, 0, 13, 0, 0, 0, 0, 3, 16
"/Users/mhng/Programing/Cyfrin-Security/4-puppy-raffle-audit/lib/openzeppelin-contracts/test/helpers/sign.js", "JavaScript", 0, 0, 0, 0, 0, 0, 44, 0, 0, 0, 15, 8, 67
"/Users/mhng/Programing/Cyfrin-Security/4-puppy-raffle-audit/lib/openzeppelin-contracts/test/introspection/ERC165.test.js", "JavaScript", 0, 0, 0, 0, 0, 0, 14, 0, 0, 0, 0, 6, 20
"/Users/mhng/Programing/Cyfrin-Security/4-puppy-raffle-audit/lib/openzeppelin-contracts/test/introspection/ERC165Checker.test.js", "JavaScript", 0, 0, 0, 0, 0, 0, 154, 0, 0, 0, 0, 37, 191
"/Users/mhng/Programing/Cyfrin-Security/4-puppy-raffle-audit/lib/openzeppelin-contracts/test/introspection/ERC1820Implementer.test.js", "JavaScript", 0, 0, 0, 0, 0, 0, 52, 0, 0, 0, 0, 15, 67
"/Users/mhng/Programing/Cyfrin-Security/4-puppy-raffle-audit/lib/openzeppelin-contracts/test/introspection/SupportsInterface.behavior.js", "JavaScript", 0, 0, 0, 0, 0, 0, 79, 0, 0, 0, 1, 9, 89
"/Users/mhng/Programing/Cyfrin-Security/4-puppy-raffle-audit/lib/openzeppelin-contracts/test/math/Math.test.js", "JavaScript", 0, 0, 0, 0, 0, 0, 46, 0, 0, 0, 0, 13, 59
"/Users/mhng/Programing/Cyfrin-Security/4-puppy-raffle-audit/lib/openzeppelin-contracts/test/math/SafeMath.test.js", "JavaScript", 0, 0, 0, 0, 0, 0, 300, 0, 0, 0, 0, 99, 399
"/Users/mhng/Programing/Cyfrin-Security/4-puppy-raffle-audit/lib/openzeppelin-contracts/test/math/SignedSafeMath.test.js", "JavaScript", 0, 0, 0, 0, 0, 0, 113, 0, 0, 0, 0, 40, 153
"/Users/mhng/Programing/Cyfrin-Security/4-puppy-raffle-audit/lib/openzeppelin-contracts/test/payment/PaymentSplitter.test.js", "JavaScript", 0, 0, 0, 0, 0, 0, 99, 0, 0, 0, 4, 28, 131
"/Users/mhng/Programing/Cyfrin-Security/4-puppy-raffle-audit/lib/openzeppelin-contracts/test/payment/PullPayment.test.js", "JavaScript", 0, 0, 0, 0, 0, 0, 37, 0, 0, 0, 0, 15, 52
"/Users/mhng/Programing/Cyfrin-Security/4-puppy-raffle-audit/lib/openzeppelin-contracts/test/payment/escrow/ConditionalEscrow.test.js", "JavaScript", 0, 0, 0, 0, 0, 0, 27, 0, 0, 0, 0, 10, 37
"/Users/mhng/Programing/Cyfrin-Security/4-puppy-raffle-audit/lib/openzeppelin-contracts/test/payment/escrow/Escrow.behavior.js", "JavaScript", 0, 0, 0, 0, 0, 0, 71, 0, 0, 0, 0, 24, 95
"/Users/mhng/Programing/Cyfrin-Security/4-puppy-raffle-audit/lib/openzeppelin-contracts/test/payment/escrow/Escrow.test.js", "JavaScript", 0, 0, 0, 0, 0, 0, 10, 0, 0, 0, 0, 5, 15
"/Users/mhng/Programing/Cyfrin-Security/4-puppy-raffle-audit/lib/openzeppelin-contracts/test/payment/escrow/RefundEscrow.test.js", "JavaScript", 0, 0, 0, 0, 0, 0, 119, 0, 0, 0, 0, 30, 149
"/Users/mhng/Programing/Cyfrin-Security/4-puppy-raffle-audit/lib/openzeppelin-contracts/test/presets/ERC1155PresetMinterPauser.test.js", "JavaScript", 0, 0, 0, 0, 0, 0, 104, 0, 0, 0, 0, 31, 135
"/Users/mhng/Programing/Cyfrin-Security/4-puppy-raffle-audit/lib/openzeppelin-contracts/test/presets/ERC20PresetFixedSupply.test.js", "JavaScript", 0, 0, 0, 0, 0, 0, 32, 0, 0, 0, 0, 11, 43
"/Users/mhng/Programing/Cyfrin-Security/4-puppy-raffle-audit/lib/openzeppelin-contracts/test/presets/ERC20PresetMinterPauser.test.js", "JavaScript", 0, 0, 0, 0, 0, 0, 76, 0, 0, 0, 0, 26, 102
"/Users/mhng/Programing/Cyfrin-Security/4-puppy-raffle-audit/lib/openzeppelin-contracts/test/presets/ERC721PresetMinterPauserAutoId.test.js", "JavaScript", 0, 0, 0, 0, 0, 0, 87, 0, 0, 0, 0, 31, 118
"/Users/mhng/Programing/Cyfrin-Security/4-puppy-raffle-audit/lib/openzeppelin-contracts/test/presets/ERC777PresetFixedSupply.test.js", "JavaScript", 0, 0, 0, 0, 0, 0, 36, 0, 0, 0, 0, 14, 50
"/Users/mhng/Programing/Cyfrin-Security/4-puppy-raffle-audit/lib/openzeppelin-contracts/test/proxy/BeaconProxy.test.js", "JavaScript", 0, 0, 0, 0, 0, 0, 122, 0, 0, 0, 8, 34, 164
"/Users/mhng/Programing/Cyfrin-Security/4-puppy-raffle-audit/lib/openzeppelin-contracts/test/proxy/Clones.behaviour.js", "JavaScript", 0, 0, 0, 0, 0, 0, 123, 0, 0, 0, 0, 28, 151
"/Users/mhng/Programing/Cyfrin-Security/4-puppy-raffle-audit/lib/openzeppelin-contracts/test/proxy/Clones.test.js", "JavaScript", 0, 0, 0, 0, 0, 0, 46, 0, 0, 0, 2, 7, 55
"/Users/mhng/Programing/Cyfrin-Security/4-puppy-raffle-audit/lib/openzeppelin-contracts/test/proxy/Initializable.test.js", "JavaScript", 0, 0, 0, 0, 0, 0, 62, 0, 0, 0, 0, 18, 80
"/Users/mhng/Programing/Cyfrin-Security/4-puppy-raffle-audit/lib/openzeppelin-contracts/test/proxy/ProxyAdmin.test.js", "JavaScript", 0, 0, 0, 0, 0, 0, 102, 0, 0, 0, 0, 16, 118
"/Users/mhng/Programing/Cyfrin-Security/4-puppy-raffle-audit/lib/openzeppelin-contracts/test/proxy/TransparentUpgradeableProxy.behaviour.js", "JavaScript", 0, 0, 0, 0, 0, 0, 346, 0, 0, 0, 5, 88, 439
"/Users/mhng/Programing/Cyfrin-Security/4-puppy-raffle-audit/lib/openzeppelin-contracts/test/proxy/TransparentUpgradeableProxy.test.js", "JavaScript", 0, 0, 0, 0, 0, 0, 11, 0, 0, 0, 0, 5, 16
"/Users/mhng/Programing/Cyfrin-Security/4-puppy-raffle-audit/lib/openzeppelin-contracts/test/proxy/UpgradeableBeacon.test.js", "JavaScript", 0, 0, 0, 0, 0, 0, 42, 0, 0, 0, 0, 9, 51
"/Users/mhng/Programing/Cyfrin-Security/4-puppy-raffle-audit/lib/openzeppelin-contracts/test/proxy/UpgradeableProxy.behaviour.js", "JavaScript", 0, 0, 0, 0, 0, 0, 191, 0, 0, 0, 0, 40, 231
"/Users/mhng/Programing/Cyfrin-Security/4-puppy-raffle-audit/lib/openzeppelin-contracts/test/proxy/UpgradeableProxy.test.js", "JavaScript", 0, 0, 0, 0, 0, 0, 9, 0, 0, 0, 0, 5, 14
"/Users/mhng/Programing/Cyfrin-Security/4-puppy-raffle-audit/lib/openzeppelin-contracts/test/setup.js", "JavaScript", 0, 0, 0, 0, 0, 0, 5, 0, 0, 0, 0, 2, 7
"/Users/mhng/Programing/Cyfrin-Security/4-puppy-raffle-audit/lib/openzeppelin-contracts/test/token/ERC1155/ERC1155.behavior.js", "JavaScript", 0, 0, 0, 0, 0, 0, 679, 0, 0, 0, 8, 88, 775
"/Users/mhng/Programing/Cyfrin-Security/4-puppy-raffle-audit/lib/openzeppelin-contracts/test/token/ERC1155/ERC1155.test.js", "JavaScript", 0, 0, 0, 0, 0, 0, 219, 0, 0, 0, 2, 44, 265
"/Users/mhng/Programing/Cyfrin-Security/4-puppy-raffle-audit/lib/openzeppelin-contracts/test/token/ERC1155/ERC1155Burnable.test.js", "JavaScript", 0, 0, 0, 0, 0, 0, 50, 0, 0, 0, 0, 18, 68
"/Users/mhng/Programing/Cyfrin-Security/4-puppy-raffle-audit/lib/openzeppelin-contracts/test/token/ERC1155/ERC1155Holder.test.js", "JavaScript", 0, 0, 0, 0, 0, 0, 50, 0, 0, 0, 0, 13, 63
"/Users/mhng/Programing/Cyfrin-Security/4-puppy-raffle-audit/lib/openzeppelin-contracts/test/token/ERC1155/ERC1155Pausable.test.js", "JavaScript", 0, 0, 0, 0, 0, 0, 88, 0, 0, 0, 0, 21, 109
"/Users/mhng/Programing/Cyfrin-Security/4-puppy-raffle-audit/lib/openzeppelin-contracts/test/token/ERC20/ERC20.behavior.js", "JavaScript", 0, 0, 0, 0, 0, 0, 248, 0, 0, 0, 0, 65, 313
"/Users/mhng/Programing/Cyfrin-Security/4-puppy-raffle-audit/lib/openzeppelin-contracts/test/token/ERC20/ERC20.test.js", "JavaScript", 0, 0, 0, 0, 0, 0, 250, 0, 0, 0, 0, 66, 316
"/Users/mhng/Programing/Cyfrin-Security/4-puppy-raffle-audit/lib/openzeppelin-contracts/test/token/ERC20/ERC20Burnable.test.js", "JavaScript", 0, 0, 0, 0, 0, 0, 13, 0, 0, 0, 0, 7, 20
"/Users/mhng/Programing/Cyfrin-Security/4-puppy-raffle-audit/lib/openzeppelin-contracts/test/token/ERC20/ERC20Capped.test.js", "JavaScript", 0, 0, 0, 0, 0, 0, 20, 0, 0, 0, 0, 8, 28
"/Users/mhng/Programing/Cyfrin-Security/4-puppy-raffle-audit/lib/openzeppelin-contracts/test/token/ERC20/ERC20Pausable.test.js", "JavaScript", 0, 0, 0, 0, 0, 0, 96, 0, 0, 0, 0, 39, 135
"/Users/mhng/Programing/Cyfrin-Security/4-puppy-raffle-audit/lib/openzeppelin-contracts/test/token/ERC20/ERC20Snapshot.test.js", "JavaScript", 0, 0, 0, 0, 0, 0, 166, 0, 0, 0, 0, 39, 205
"/Users/mhng/Programing/Cyfrin-Security/4-puppy-raffle-audit/lib/openzeppelin-contracts/test/token/ERC20/SafeERC20.test.js", "JavaScript", 0, 0, 0, 0, 0, 0, 105, 0, 0, 0, 2, 29, 136
"/Users/mhng/Programing/Cyfrin-Security/4-puppy-raffle-audit/lib/openzeppelin-contracts/test/token/ERC20/TokenTimelock.test.js", "JavaScript", 0, 0, 0, 0, 0, 0, 57, 0, 0, 0, 0, 15, 72
"/Users/mhng/Programing/Cyfrin-Security/4-puppy-raffle-audit/lib/openzeppelin-contracts/test/token/ERC20/behaviors/ERC20Burnable.behavior.js", "JavaScript", 0, 0, 0, 0, 0, 0, 90, 0, 0, 0, 0, 21, 111
"/Users/mhng/Programing/Cyfrin-Security/4-puppy-raffle-audit/lib/openzeppelin-contracts/test/token/ERC20/behaviors/ERC20Capped.behavior.js", "JavaScript", 0, 0, 0, 0, 0, 0, 25, 0, 0, 0, 0, 8, 33
"/Users/mhng/Programing/Cyfrin-Security/4-puppy-raffle-audit/lib/openzeppelin-contracts/test/token/ERC721/ERC721.test.js", "JavaScript", 0, 0, 0, 0, 0, 0, 726, 0, 0, 0, 0, 157, 883
"/Users/mhng/Programing/Cyfrin-Security/4-puppy-raffle-audit/lib/openzeppelin-contracts/test/token/ERC721/ERC721Burnable.test.js", "JavaScript", 0, 0, 0, 0, 0, 0, 66, 0, 0, 0, 0, 15, 81
"/Users/mhng/Programing/Cyfrin-Security/4-puppy-raffle-audit/lib/openzeppelin-contracts/test/token/ERC721/ERC721Holder.test.js", "JavaScript", 0, 0, 0, 0, 0, 0, 17, 0, 0, 0, 0, 8, 25
"/Users/mhng/Programing/Cyfrin-Security/4-puppy-raffle-audit/lib/openzeppelin-contracts/test/token/ERC721/ERC721Pausable.test.js", "JavaScript", 0, 0, 0, 0, 0, 0, 80, 0, 0, 0, 0, 19, 99
"/Users/mhng/Programing/Cyfrin-Security/4-puppy-raffle-audit/lib/openzeppelin-contracts/test/token/ERC777/ERC777.behavior.js", "JavaScript", 0, 0, 0, 0, 0, 0, 458, 0, 0, 0, 4, 94, 556
"/Users/mhng/Programing/Cyfrin-Security/4-puppy-raffle-audit/lib/openzeppelin-contracts/test/token/ERC777/ERC777.test.js", "JavaScript", 0, 0, 0, 0, 0, 0, 370, 0, 0, 0, 6, 108, 484
"/Users/mhng/Programing/Cyfrin-Security/4-puppy-raffle-audit/lib/openzeppelin-contracts/test/utils/Address.test.js", "JavaScript", 0, 0, 0, 0, 0, 0, 314, 0, 0, 0, 0, 70, 384
"/Users/mhng/Programing/Cyfrin-Security/4-puppy-raffle-audit/lib/openzeppelin-contracts/test/utils/Arrays.test.js", "JavaScript", 0, 0, 0, 0, 0, 0, 66, 0, 0, 0, 0, 22, 88
"/Users/mhng/Programing/Cyfrin-Security/4-puppy-raffle-audit/lib/openzeppelin-contracts/test/utils/Counters.test.js", "JavaScript", 0, 0, 0, 0, 0, 0, 52, 0, 0, 0, 0, 13, 65
"/Users/mhng/Programing/Cyfrin-Security/4-puppy-raffle-audit/lib/openzeppelin-contracts/test/utils/Create2.test.js", "JavaScript", 0, 0, 0, 0, 0, 0, 82, 0, 0, 0, 0, 20, 102
"/Users/mhng/Programing/Cyfrin-Security/4-puppy-raffle-audit/lib/openzeppelin-contracts/test/utils/EnumerableMap.test.js", "JavaScript", 0, 0, 0, 0, 0, 0, 123, 0, 0, 0, 10, 49, 182
"/Users/mhng/Programing/Cyfrin-Security/4-puppy-raffle-audit/lib/openzeppelin-contracts/test/utils/EnumerableSet.behavior.js", "JavaScript", 0, 0, 0, 0, 0, 0, 76, 0, 0, 0, 10, 37, 123
"/Users/mhng/Programing/Cyfrin-Security/4-puppy-raffle-audit/lib/openzeppelin-contracts/test/utils/EnumerableSet.test.js", "JavaScript", 0, 0, 0, 0, 0, 0, 32, 0, 0, 0, 3, 12, 47
"/Users/mhng/Programing/Cyfrin-Security/4-puppy-raffle-audit/lib/openzeppelin-contracts/test/utils/Pausable.test.js", "JavaScript", 0, 0, 0, 0, 0, 0, 70, 0, 0, 0, 0, 20, 90
"/Users/mhng/Programing/Cyfrin-Security/4-puppy-raffle-audit/lib/openzeppelin-contracts/test/utils/ReentrancyGuard.test.js", "JavaScript", 0, 0, 0, 0, 0, 0, 25, 0, 0, 0, 3, 7, 35
"/Users/mhng/Programing/Cyfrin-Security/4-puppy-raffle-audit/lib/openzeppelin-contracts/test/utils/SafeCast.test.js", "JavaScript", 0, 0, 0, 0, 0, 0, 131, 0, 0, 0, 0, 34, 165
"/Users/mhng/Programing/Cyfrin-Security/4-puppy-raffle-audit/lib/openzeppelin-contracts/test/utils/Strings.test.js", "JavaScript", 0, 0, 0, 0, 0, 0, 19, 0, 0, 0, 0, 7, 26
"/Users/mhng/Programing/Cyfrin-Security/4-puppy-raffle-audit/notes.md", "Markdown", 0, 0, 7, 0, 0, 0, 0, 0, 0, 0, 0, 5, 12
"/Users/mhng/Programing/Cyfrin-Security/4-puppy-raffle-audit/report.md", "Markdown", 0, 0, 225, 0, 0, 0, 0, 0, 0, 0, 0, 192, 417
"/Users/mhng/Programing/Cyfrin-Security/4-puppy-raffle-audit/script/DeployPuppyRaffle.sol", "Solidity", 17, 0, 0, 0, 0, 0, 0, 0, 0, 0, 1, 5, 23
"/Users/mhng/Programing/Cyfrin-Security/4-puppy-raffle-audit/slither.config.json", "JSON", 0, 0, 0, 11, 0, 0, 0, 0, 0, 0, 0, 0, 11
"/Users/mhng/Programing/Cyfrin-Security/4-puppy-raffle-audit/src/PuppyRaffle.sol", "Solidity", 181, 0, 0, 0, 0, 0, 0, 0, 0, 0, 47, 31, 259
"/Users/mhng/Programing/Cyfrin-Security/4-puppy-raffle-audit/test/PuppyRaffleTest.t.sol", "Solidity", 230, 0, 0, 0, 0, 0, 0, 0, 0, 0, 21, 58, 309
"Total", "-", 24419, 32, 1327, 14391, 1727, 14, 9366, 157, 124, 514, 7953, 7609, 67633